source,line,family,evidence
apps/mobile/src/ui/components/AppearancePicker.tsx,16,Preference save failure; in-place recovery candidate,call site inventoried; per-site native placement and callback acceptance pending
apps/mobile/src/ui/screens/AddAssetScreen.tsx,343,Saved asset with View action; retain cross-navigation handoff,call site inventoried; per-site native placement and callback acceptance pending
apps/mobile/src/ui/screens/AssetDetailRouteScreen.tsx,167,Save Undo and mutation/refresh/photo results; preserve operation identity,call site inventoried; per-site native placement and callback acceptance pending
apps/mobile/src/ui/screens/AssetDetailRouteScreen.tsx,192,Save Undo and mutation/refresh/photo results; preserve operation identity,call site inventoried; per-site native placement and callback acceptance pending
apps/mobile/src/ui/screens/AssetDetailRouteScreen.tsx,194,Save Undo and mutation/refresh/photo results; preserve operation identity,call site inventoried; per-site native placement and callback acceptance pending
apps/mobile/src/ui/screens/AssetDetailRouteScreen.tsx,200,Save Undo and mutation/refresh/photo results; preserve operation identity,call site inventoried; per-site native placement and callback acceptance pending
apps/mobile/src/ui/screens/AssetDetailRouteScreen.tsx,215,Save Undo and mutation/refresh/photo results; preserve operation identity,call site inventoried; per-site native placement and callback acceptance pending
apps/mobile/src/ui/screens/AssetDetailRouteScreen.tsx,285,Save Undo and mutation/refresh/photo results; preserve operation identity,call site inventoried; per-site native placement and callback acceptance pending
apps/mobile/src/ui/screens/AssetDetailRouteScreen.tsx,383,Save Undo and mutation/refresh/photo results; preserve operation identity,call site inventoried; per-site native placement and callback acceptance pending
apps/mobile/src/ui/screens/AssetDetailRouteScreen.tsx,396,Save Undo and mutation/refresh/photo results; preserve operation identity,call site inventoried; per-site native placement and callback acceptance pending
apps/mobile/src/ui/screens/AssetDetailRouteScreen.tsx,422,Save Undo and mutation/refresh/photo results; preserve operation identity,call site inventoried; per-site native placement and callback acceptance pending
apps/mobile/src/ui/screens/AssetDetailRouteScreen.tsx,430,Save Undo and mutation/refresh/photo results; preserve operation identity,call site inventoried; per-site native placement and callback acceptance pending
apps/mobile/src/ui/screens/AssetHistoryDetailRouteScreen.tsx,124,Revert completion crosses navigation; revert failure stays in task,call site inventoried; per-site native placement and callback acceptance pending
apps/mobile/src/ui/screens/AssetHistoryDetailRouteScreen.tsx,135,Revert completion crosses navigation; revert failure stays in task,call site inventoried; per-site native placement and callback acceptance pending
apps/mobile/src/ui/screens/AssetHistoryRouteScreen.tsx,76,History refresh failure; local list recovery candidate,call site inventoried; per-site native placement and callback acceptance pending
apps/mobile/src/ui/screens/CustomizationCollectionScreen.tsx,63,Partial list or refresh failure; local list status candidate,call site inventoried; per-site native placement and callback acceptance pending
apps/mobile/src/ui/screens/CustomizationCollectionScreen.tsx,84,Partial list or refresh failure; local list status candidate,call site inventoried; per-site native placement and callback acceptance pending
apps/mobile/src/ui/screens/CustomizationCollectionScreen.tsx,98,Partial list or refresh failure; local list status candidate,call site inventoried; per-site native placement and callback acceptance pending
apps/mobile/src/ui/screens/CustomizationEditorScreen.tsx,228,Save/lifecycle completion crosses navigation; access retry failure stays in editor,call site inventoried; per-site native placement and callback acceptance pending
apps/mobile/src/ui/screens/CustomizationEditorScreen.tsx,251,Save/lifecycle completion crosses navigation; access retry failure stays in editor,call site inventoried; per-site native placement and callback acceptance pending
apps/mobile/src/ui/screens/CustomizationEditorScreen.tsx,304,Save/lifecycle completion crosses navigation; access retry failure stays in editor,call site inventoried; per-site native placement and callback acceptance pending
apps/mobile/src/ui/screens/CustomizationEditorScreen.tsx,307,Save/lifecycle completion crosses navigation; access retry failure stays in editor,call site inventoried; per-site native placement and callback acceptance pending
apps/mobile/src/ui/screens/HomeScreen.tsx,54,Dashboard refresh failure; retain content and expose retry,call site inventoried; per-site native placement and callback acceptance pending
apps/mobile/src/ui/screens/InventoryMapScreen.tsx,165,Map refresh failure with cached content; local recovery candidate,call site inventoried; per-site native placement and callback acceptance pending
apps/mobile/src/ui/screens/ProviderProfileEditorScreens.tsx,94,Credential/prompt save result; completion navigation and failure draft ownership,M105: focus-session completion guard with mounted success/failure tests; native placement and navigation acceptance pending
apps/mobile/src/ui/screens/ProviderProfileEditorScreens.tsx,98,Credential/prompt save result; completion navigation and failure draft ownership,M105: focus-session completion guard with mounted success/failure tests; native placement and navigation acceptance pending
apps/mobile/src/ui/screens/ProviderProfileEditorScreens.tsx,161,Credential/prompt save result; completion navigation and failure draft ownership,M105: focus-session completion guard with mounted success/failure tests; native placement and navigation acceptance pending
apps/mobile/src/ui/screens/ProviderProfileEditorScreens.tsx,165,Credential/prompt save result; completion navigation and failure draft ownership,M105: focus-session completion guard with mounted success/failure tests; native placement and navigation acceptance pending
apps/mobile/src/ui/screens/ProviderProfileScreens.tsx,96,Profile creation/test/lifecycle result; completion and screen ownership,M105: focus-session completion guard with mounted success/failure tests; native placement and navigation acceptance pending
apps/mobile/src/ui/screens/ProviderProfileScreens.tsx,104,Profile creation/test/lifecycle result; completion and screen ownership,M105: focus-session completion guard with mounted success/failure tests; native placement and navigation acceptance pending
apps/mobile/src/ui/screens/ProviderProfileScreens.tsx,186,Profile creation/test/lifecycle result; completion and screen ownership,M105: focus-session completion guard with mounted success/failure tests; native placement and navigation acceptance pending
apps/mobile/src/ui/screens/ProviderProfileScreens.tsx,194,Profile creation/test/lifecycle result; completion and screen ownership,M105: focus-session completion guard with mounted success/failure tests; native placement and navigation acceptance pending
apps/mobile/src/ui/screens/SettingsDetailScreens.tsx,41,Sign-out/server-change failure; account context ownership required,call site inventoried; per-site native placement and callback acceptance pending
apps/mobile/src/ui/screens/SettingsDetailScreens.tsx,98,Sign-out/server-change failure; account context ownership required,call site inventoried; per-site native placement and callback acceptance pending
apps/mobile/src/ui/screens/VoiceSettingsScreens.tsx,149,Stage selection/test/enable result; local task status candidate,M105: stage/query-scope visit guard with mounted success/failure checks; native placement and navigation pending
apps/mobile/src/ui/screens/VoiceSettingsScreens.tsx,153,Stage selection/test/enable result; local task status candidate,M105: stage/query-scope visit guard with mounted success/failure checks; native placement and navigation pending
apps/mobile/src/ui/screens/useHomeReturnActions.ts,47,Return operation failure or missing undo; preserve task outcome,call site inventoried; per-site native placement and callback acceptance pending
apps/mobile/src/ui/screens/useHomeReturnActions.ts,61,Return operation failure or missing undo; preserve task outcome,call site inventoried; per-site native placement and callback acceptance pending
